{"stats":{"minecraft:picked_up":{"minecraft:pufferfish":1},"minecraft:custom":{"minecraft:jump":52,"minecraft:time_since_rest":1904,"minecraft:leave_game":1,"minecraft:walk_on_water_one_cm":98,"minecraft:deaths":2,"minecraft:damage_dealt":10,"minecraft:crouch_one_cm":4273,"minecraft:sprint_one_cm":15503,"minecraft:play_time":3187,"minecraft:damage_taken":570,"minecraft:time_since_death":1878,"minecraft:walk_one_cm":3153,"minecraft:sneak_time":1147,"minecraft:total_world_time":3187,"minecraft:mob_kills":1,"minecraft:fall_one_cm":4499,"minecraft:fly_one_cm":11903},"minecraft:killed_by":{"minecraft:pufferfish":2}},"DataVersion":3465}