{
  "minecraft:recipes/decorations/crafting_table": {
    "criteria": {
      "unlock_right_away": "2024-06-11 23:19:35 +0000"
    },
    "done": true
  },
  "dungeons_arise:wda_root": {
    "criteria": {
      "WDA": "2024-06-11 23:19:35 +0000"
    },
    "done": true
  },
  "biomesoplenty:biomesoplenty/root": {
    "criteria": {
      "field": "2024-06-11 23:19:50 +0000"
    },
    "done": true
  },
  "betterdungeons:root": {
    "criteria": {
      "always": "2024-06-11 23:19:35 +0000"
    },
    "done": true
  },
  "biomesoplenty:biomesoplenty/all_biomes": {
    "criteria": {
      "cold_desert": "2024-06-11 23:22:08 +0000",
      "field": "2024-06-11 23:19:50 +0000",
      "coniferous_forest": "2024-06-11 23:20:14 +0000",
      "snowy_coniferous_forest": "2024-06-11 23:22:24 +0000"
    },
    "done": false
  },
  "lootr:root": {
    "criteria": {
      "always_true": "2024-06-11 23:19:35 +0000"
    },
    "done": true
  },
  "cataclysm:root": {
    "criteria": {
      "custom_test_name": "2024-06-11 23:19:35 +0000"
    },
    "done": true
  },
  "minecraft:adventure/adventuring_time": {
    "criteria": {
      "minecraft:taiga": "2024-06-11 23:20:00 +0000",
      "minecraft:beach": "2024-06-11 23:19:38 +0000",
      "minecraft:river": "2024-06-11 23:20:12 +0000"
    },
    "done": false
  },
  "DataVersion": 3465
}